TS,MS,ISIN,ACTION,VOL,DATA
1/2/2026 9:50,012,DE0005158703,BUY,-2201.2,"{name=Bechtle,quantity=50,source=}"
1/2/2026 12:42,653,NL0013654783,SELL,5.79,"{name=Prosus,quantity=5,source=HL}"
1/2/2026 14:42,581,US5951121038,SELL,41.74,"{name=Micron Technology,quantity=2,source=HL}"
1/2/2026 14:48,176,US5951121038,SELL,618.63,"{name=Micron Technology,quantity=30,source=HL}"
1/2/2026 15:16,081,US68389X1054,BUY,-675.55,"{name=Oracle,quantity=4,source=}"
1/2/2026 15:16,381,US68389X1054,BUY,-676.12,"{name=Oracle,quantity=4,source=}"
1/2/2026 15:16,758,US68389X1054,BUY,-676.04,"{name=Oracle,quantity=4,source=}"
1/2/2026 16:31,712,US0231351067,SELL,0.39,"{name=Amazon.com,quantity=2,source=HL}"
1/2/2026 16:34,890,US98978V1035,SELL,2.99,"{name=Zoetis,quantity=3,source=HL}"
1/2/2026 16:38,004,DE0007164600,SELL,1.47,"{name=SAP SE,quantity=7,source=MIN_SELL}"
1/2/2026 17:08,590,US02079K3059,SELL,0.27,"{name=Alphabet A,quantity=1,source=HL}"
1/2/2026 17:22,490,US64110L1061,SELL,0.64,"{name=Netflix,quantity=8,source=MIN_SELL}"
1/2/2026 18:18,449,US5949181045,SELL,0.41,"{name=Microsoft,quantity=1,source=MIN_SELL}"
1/5/2026 8:52,415,US30231G1022,BUY,-2182.18,"{name=Exxon Mobil,quantity=20,source=}"
1/5/2026 9:02,700,US20825C1045,BUY,-4533.53,"{name=ConocoPhillips,quantity=50,source=}"
1/5/2026 9:06,208,US30231G1022,BUY,-3279.28,"{name=Exxon Mobil,quantity=30,source=}"
1/5/2026 9:30,428,DK0062498333,BUY,-316.47,"{name=Novo-Nordisk B,quantity=7,source=}"
1/5/2026 9:58,130,DE000ENER6Y0,BUY,-5067.06,"{name=Siemens Energy,quantity=40,source=}"
1/5/2026 10:10,341,US0320951017,BUY,-361.68,"{name=Amphenol A,quantity=3,source=}"
1/5/2026 10:10,733,US0079031078,BUY,-3915.51,"{name=Advanced Micro Devices,quantity=20,source=}"
1/5/2026 10:33,443,US20825C1045,BUY,-970.73,"{name=ConocoPhillips,quantity=11,source=}"
1/5/2026 11:01,999,DK0062498333,SELL,0.32,"{name=Novo-Nordisk B,quantity=7,source=}"
1/5/2026 11:01,433,DK0062498333,SELL,136.28,"{name=Novo-Nordisk B,quantity=164,source=}"
1/5/2026 11:49,023,US92840M1027,BUY,-5443.24,"{name=Vistra Corp,quantity=38,source=}"
1/5/2026 12:15,870,DE000BAY0017,SELL,13.01,"{name=Bayer,quantity=7,source=HL}"
1/5/2026 12:19,357,DE000BAY0017,SELL,398.34,"{name=Bayer,quantity=206,source=HL}"
1/5/2026 12:35,784,US90353T1007,BUY,-280.6,"{name=Uber Technologies,quantity=4,source=}"
1/5/2026 13:42,239,US20825C1045,SELL,0.97,"{name=ConocoPhillips,quantity=11,source=MIN_SELL}"
1/5/2026 14:09,065,DK0062498333,BUY,-5464.26,"{name=Novo-Nordisk B,quantity=120,source=}"
1/5/2026 15:35,394,US90353T1007,BUY,-274.55,"{name=Uber Technologies,quantity=4,source=}"
1/5/2026 15:35,748,US30231G1022,BUY,-322.82,"{name=Exxon Mobil,quantity=3,source=}"
1/5/2026 15:37,337,US5951121038,BUY,-271.12,"{name=Micron Technology,quantity=1,source=}"
1/5/2026 15:39,947,US92840M1027,BUY,-290.39,"{name=Vistra Corp,quantity=2,source=}"
1/5/2026 16:09,483,US20825C1045,SELL,4.54,"{name=ConocoPhillips,quantity=50,source=MIN_SELL}"
1/5/2026 16:09,888,DE0007030009,BUY,-3478.48,"{name=Rheinmetall,quantity=2,source=}"
1/5/2026 16:09,254,DK0062498333,BUY,-277.39,"{name=Novo-Nordisk B,quantity=6,source=}"
1/5/2026 16:11,985,DE0007030009,BUY,-1740.24,"{name=Rheinmetall,quantity=1,source=}"
1/5/2026 16:19,550,US68389X1054,SELL,50.59,"{name=Oracle,quantity=41,source=HL}"
1/5/2026 16:39,331,US5951121038,SELL,0.73,"{name=Micron Technology,quantity=1,source=MIN_SELL}"
1/5/2026 16:39,618,US7707001027,BUY,-309.07,"{name=Robinhood Markets A,quantity=3,source=}"
1/5/2026 16:41,123,US90353T1007,SELL,0.28,"{name=Uber Technologies,quantity=4,source=}"
1/5/2026 17:01,794,US92840M1027,SELL,0.29,"{name=Vistra Corp,quantity=2,source=MIN_SELL}"
1/5/2026 17:27,246,US92840M1027,SELL,5.44,"{name=Vistra Corp,quantity=38,source=MIN_SELL}"
1/5/2026 17:33,045,US5949181045,SELL,7.34,"{name=Microsoft,quantity=18,source=}"
1/5/2026 17:59,515,US0079031078,SELL,3.92,"{name=Advanced Micro Devices,quantity=20,source=MIN_SELL}"
1/5/2026 18:05,934,DE000ENER6Y0,SELL,5.07,"{name=Siemens Energy,quantity=40,source=HL}"
1/5/2026 18:27,017,US21037T1097,BUY,-5404.5,"{name=Constellation Energy,quantity=18,source=}"
1/5/2026 19:13,847,US68389X1054,SELL,0.68,"{name=Oracle,quantity=4,source=MIN_SELL}"
1/5/2026 19:59,452,US68389X1054,SELL,0.68,"{name=Oracle,quantity=4,source=MIN_SELL}"
1/5/2026 20:59,256,US68389X1054,SELL,0.68,"{name=Oracle,quantity=4,source=MIN_SELL}"
1/6/2026 7:54,509,US90353T1007,SELL,0.93,"{name=Uber Technologies,quantity=4,source=MIN_SELL}"
1/6/2026 8:54,086,US5951121038,BUY,-272.12,"{name=Micron Technology,quantity=1,source=}"
1/6/2026 9:08,581,DK0062498333,SELL,11.39,"{name=Novo-Nordisk B,quantity=6,source=}"
1/6/2026 9:08,851,DK0062498333,SELL,311.34,"{name=Novo-Nordisk B,quantity=120,source=}"
1/6/2026 10:24,048,DE000A1EWWW0,BUY,-790.29,"{name=adidas,quantity=5,source=}"
1/6/2026 10:34,901,US90353T1007,SELL,0.28,"{name=Uber Technologies,quantity=4,source=}"
1/6/2026 10:38,146,DE000A1EWWW0,BUY,-793.04,"{name=adidas,quantity=5,source=}"
1/6/2026 12:20,368,DK0062498333,BUY,-296.52,"{name=Novo-Nordisk B,quantity=6,source=}"
1/6/2026 13:00,367,DE0006599905,SELL,10.13,"{name=Merck,quantity=3,source=HL}"
1/6/2026 13:00,632,US21037T1097,BUY,-305.1,"{name=Constellation Energy,quantity=1,source=}"
1/6/2026 15:34,509,US5951121038,BUY,-279.23,"{name=Micron Technology,quantity=1,source=}"
1/6/2026 15:36,294,US0320951017,SELL,0.36,"{name=Amphenol A,quantity=3,source=MIN_SELL}"
1/6/2026 15:54,537,DE0007030009,SELL,24.76,"{name=Rheinmetall,quantity=1,source=HL}"
1/6/2026 15:54,992,DE0007030009,SELL,51.53,"{name=Rheinmetall,quantity=2,source=HL}"
1/6/2026 16:02,279,DE0005158703,SELL,33.8,"{name=Bechtle,quantity=50,source=}"
1/6/2026 16:02,626,US90353T1007,BUY,-290.33,"{name=Uber Technologies,quantity=4,source=}"
1/6/2026 16:02,003,DK0062498333,BUY,-5201.65,"{name=Novo-Nordisk B,quantity=105,source=}"
1/6/2026 16:02,294,US5951121038,BUY,-4837.08,"{name=Micron Technology,quantity=17,source=}"
1/6/2026 16:04,741,DK0062498333,BUY,-296.52,"{name=Novo-Nordisk B,quantity=6,source=}"
1/6/2026 16:04,019,US5951121038,BUY,-286.14,"{name=Micron Technology,quantity=1,source=}"
1/6/2026 16:08,425,US7707001027,SELL,3.41,"{name=Robinhood Markets A,quantity=3,source=HL}"
1/6/2026 16:08,701,US1667641005,BUY,-5476.67,"{name=Chevron Corp,quantity=40,source=}"
1/6/2026 16:10,501,US1667641005,BUY,-274.47,"{name=Chevron Corp,quantity=2,source=}"
1/6/2026 16:54,804,US30231G1022,SELL,0.32,"{name=Exxon Mobil,quantity=3,source=MIN_SELL}"
1/6/2026 17:22,196,US1667641005,SELL,5.48,"{name=Chevron Corp,quantity=40,source=MIN_SELL}"
1/6/2026 17:24,221,US1667641005,SELL,0.27,"{name=Chevron Corp,quantity=2,source=MIN_SELL}"
1/6/2026 17:48,746,US30231G1022,SELL,3.28,"{name=Exxon Mobil,quantity=30,source=MIN_SELL}"
1/6/2026 18:20,281,DK0062498333,SELL,0.3,"{name=Novo-Nordisk B,quantity=6,source=MIN_SELL}"
1/6/2026 18:32,022,US30231G1022,SELL,2.18,"{name=Exxon Mobil,quantity=20,source=MIN_SELL}"
1/6/2026 19:00,083,DK0062498333,SELL,0.3,"{name=Novo-Nordisk B,quantity=6,source=MIN_SELL}"
1/6/2026 19:00,506,DK0062498333,SELL,5.2,"{name=Novo-Nordisk B,quantity=105,source=MIN_SELL}"
1/7/2026 8:48,291,US5951121038,SELL,4.61,"{name=Micron Technology,quantity=1,source=HL}"
1/7/2026 8:50,319,US5951121038,SELL,11.92,"{name=Micron Technology,quantity=1,source=HL}"
1/7/2026 8:58,015,US5951121038,SELL,113.32,"{name=Micron Technology,quantity=17,source=HL}"
1/7/2026 11:06,747,US0231351067,SELL,15.93,"{name=Amazon.com,quantity=2,source=HL}"
1/7/2026 11:06,115,US5951121038,SELL,17.43,"{name=Micron Technology,quantity=1,source=HL}"
1/7/2026 11:20,944,US0231351067,SELL,341.2,"{name=Amazon.com,quantity=34,source=HL}"
1/7/2026 11:28,215,US0231351067,SELL,20.75,"{name=Amazon.com,quantity=2,source=HL}"
1/7/2026 15:16,196,DE000A1EWWW0,SELL,17.21,"{name=adidas,quantity=5,source=}"
1/7/2026 15:16,573,DE000A1EWWW0,SELL,19.96,"{name=adidas,quantity=5,source=}"
1/7/2026 15:50,046,FI0009000681,BUY,-7499.81,"{name=Nokia,quantity=1303,source=}"
1/7/2026 16:18,374,NL0011794037,BUY,-271.63,"{name=Koninklijke Ahold Delhaize,quantity=8,source=}"
1/7/2026 16:28,254,DE0008404005,BUY,-382.28,"{name=Allianz,quantity=1,source=}"
1/7/2026 16:36,894,US21037T1097,SELL,0.31,"{name=Constellation Energy,quantity=1,source=MIN_SELL}"
1/7/2026 16:36,210,DE0008404005,SELL,0.38,"{name=Allianz,quantity=1,source=}"
1/7/2026 16:36,496,US0231351067,BUY,-416.72,"{name=Amazon.com,quantity=2,source=}"
1/7/2026 16:58,633,FI0009000681,BUY,-256.16,"{name=Nokia,quantity=44,source=}"
1/7/2026 17:04,867,US5951121038,BUY,-2936.93,"{name=Micron Technology,quantity=10,source=}"
1/7/2026 17:10,876,US21037T1097,SELL,5.41,"{name=Constellation Energy,quantity=18,source=MIN_SELL}"
1/7/2026 19:30,320,US98980G1022,BUY,-7446.32,"{name=Zscaler,quantity=38,source=}"
1/7/2026 20:38,749,US90353T1007,BUY,-295.34,"{name=Uber Technologies,quantity=4,source=}"
1/7/2026 20:48,767,US98980G1022,BUY,-394.15,"{name=Zscaler,quantity=2,source=}"
1/7/2026 21:16,904,US5951121038,BUY,-868.02,"{name=Micron Technology,quantity=3,source=}"
1/7/2026 21:22,931,US90353T1007,SELL,4.83,"{name=Uber Technologies,quantity=4,source=HL}"
1/8/2026 7:32,924,FI0009000681,SELL,0.26,"{name=Nokia,quantity=44,source=}"
1/8/2026 7:32,208,FI0009000681,SELL,10.12,"{name=Nokia,quantity=456,source=}"
1/8/2026 8:24,576,FI0009000681,SELL,19.1,"{name=Nokia,quantity=500,source=}"
1/8/2026 9:04,855,NL0011794037,BUY,-267.39,"{name=Koninklijke Ahold Delhaize,quantity=8,source=}"
1/8/2026 9:26,554,NL0011794037,SELL,0.27,"{name=Koninklijke Ahold Delhaize,quantity=8,source=MIN_SELL}"
1/8/2026 9:38,744,FI0009000681,SELL,25.75,"{name=Nokia,quantity=347,source=}"
1/8/2026 11:04,666,NL0011794037,SELL,0.27,"{name=Koninklijke Ahold Delhaize,quantity=8,source=MIN_SELL}"
1/8/2026 11:34,899,DE0007236101,BUY,-257.36,"{name=Siemens,quantity=1,source=}"
1/8/2026 11:42,938,DE0007236101,BUY,-257.46,"{name=Siemens,quantity=1,source=}"
1/8/2026 11:44,646,DE0007236101,BUY,-772.07,"{name=Siemens,quantity=3,source=}"
1/8/2026 12:06,451,US4581401001,BUY,-255.65,"{name=Intel Corp,quantity=7,source=}"
1/8/2026 12:14,685,US4581401001,BUY,-7213.42,"{name=Intel Corp,quantity=198,source=}"
1/8/2026 14:52,754,DE0007236101,SELL,0.77,"{name=Siemens,quantity=3,source=MIN_SELL}"
1/8/2026 14:54,672,DE0007236101,SELL,0.26,"{name=Siemens,quantity=1,source=MIN_SELL}"
1/8/2026 14:54,032,DE0007236101,SELL,0.26,"{name=Siemens,quantity=1,source=MIN_SELL}"
1/8/2026 15:32,431,US68389X1054,BUY,-1632.43,"{name=Oracle,quantity=10,source=}"
1/8/2026 15:44,898,US68389X1054,BUY,-3841.92,"{name=Oracle,quantity=24,source=}"
1/8/2026 15:52,825,DK0062498333,BUY,-2259.94,"{name=Novo-Nordisk B,quantity=46,source=}"
1/8/2026 15:54,135,DK0062498333,BUY,-294.77,"{name=Novo-Nordisk B,quantity=6,source=}"
1/8/2026 15:54,623,DE000BAY0017,BUY,-7487.05,"{name=Bayer,quantity=191,source=}"
1/8/2026 16:00,136,US98980G1022,SELL,0.39,"{name=Zscaler,quantity=2,source=}"
1/8/2026 16:00,578,US98980G1022,SELL,5.49,"{name=Zscaler,quantity=28,source=}"
1/8/2026 16:22,790,US5951121038,SELL,2.94,"{name=Micron Technology,quantity=10,source=MIN_SELL}"
1/8/2026 16:40,404,US5951121038,SELL,0.87,"{name=Micron Technology,quantity=3,source=MIN_SELL}"
1/8/2026 16:54,720,US68389X1054,SELL,1.63,"{name=Oracle,quantity=10,source=MIN_SELL}"
1/8/2026 16:54,068,US4581401001,SELL,7.21,"{name=Intel Corp,quantity=198,source=}"
1/8/2026 16:54,413,US4581401001,SELL,0.26,"{name=Intel Corp,quantity=7,source=}"
1/8/2026 17:08,109,US98980G1022,SELL,1.96,"{name=Zscaler,quantity=10,source=MIN_SELL}"
1/8/2026 17:26,248,US1667641005,BUY,-1624.98,"{name=Chevron Corp,quantity=12,source=}"
1/8/2026 17:28,651,US1667641005,BUY,-270.75,"{name=Chevron Corp,quantity=2,source=}"
1/8/2026 17:32,928,US68389X1054,SELL,44.16,"{name=Oracle,quantity=24,source=MIN_SELL}"
1/8/2026 17:32,351,US1667641005,SELL,0.27,"{name=Chevron Corp,quantity=2,source=}"
1/8/2026 17:32,745,US1667641005,SELL,1.62,"{name=Chevron Corp,quantity=12,source=}"
1/8/2026 18:34,753,US90353T1007,SELL,4.74,"{name=Uber Technologies,quantity=4,source=}"
1/8/2026 18:48,508,DE000BAY0017,SELL,55.54,"{name=Bayer,quantity=191,source=}"
12/9/2025 16:30,796,DE0007030009,BUY,-4948.94,"{buyPrice=1649.6480, quantity=3, buyRequestTs=2025-12-09T16:30:45.789, sellRequestTs=2025-11-25T16:14:49.860, openPrice=1646.6821, sellPrice=0.0, minPercent=-7.0, reportPrice=1646.6821, buySpread=0.5, minPrice=1646.6821, name=Rheinmetall, reset=false, maxPrice=1646.6821}"
12/10/2025 9:46,793,DE0007030009,SELL,MIN_SELL 4.95,"{buyPrice=1649.648, quantity=3.0, buyRequestTs=2025-12-09T16:30:45.789, sellRequestTs=2025-11-25T16:14:49.860, openPrice=1621.4175, sellPrice=1651.2976, minPercent=-7.0, reportPrice=1621.4175, buySpread=0.5, minPrice=1621.4175, lowRocket={quantity=3, sellRequestTs=2025-12-10T09:46:50.773, transId=vbEWYVWCZX2Qcri8ToRE1K, sellPrice=1651.2976}, name=Rheinmetall, reset=false, maxPrice=1621.4175}"
12/10/2025 13:00,106,NL0011794037,BUY,-272.11,"{buyPrice=34.0140, quantity=8, buyRequestTs=2025-12-10T13:00:51.085, sellRequestTs=2025-09-18T11:26:52.940, openPrice=34.6086, sellPrice=0.0, minPercent=-7.0, reportPrice=34.6086, buySpread=0.03, minPrice=34.6086, name=Koninklijke Ahold Delhaize, reset=false, maxPrice=34.6086}"
12/10/2025 17:16,840,US5128073062,SELL,HL 264.26,"{buyPrice=135.3752, quantity=55.0, buyRequestTs=2025-11-28T13:46:52.307, buySpread=0.72, minPrice=140.5102, name=Lam Research, openPrice=140.5102, reset=false, sellPrice=140.1800, minPercent=-7.0, maxPrice=140.5102, reportPrice=140.5102}"
12/10/2025 18:44,140,US0320951017,SELL,MIN_SELL 7.47,"{buyPrice=120.4804, quantity=62.0, buyRequestTs=2025-11-28T13:46:48.317, sellRequestTs=2025-01-27T08:44:15.429, openPrice=117.8963, sellPrice=120.6009, minPercent=-7.0, reportPrice=117.8963, buySpread=0.4, minPrice=117.8963, lowRocket={quantity=62, sellRequestTs=2025-12-10T18:44:51.118, transId=axptM7DaiXu413gPs4wnJJ, sellPrice=120.6009}, name=Amphenol A, reset=false, maxPrice=117.8963}"
12/11/2025 7:44,466,US68389X1054,BUY,-674.91,"{buyPrice=168.7286, quantity=4, buyRequestTs=2025-12-11T07:44:48.447, sellRequestTs=2025-12-05T17:18:48.637, buySpread=0.28, minPrice=179.4300, name=Oracle, openPrice=179.4300, reset=false, sellPrice=0.0, maxPrice=179.4300, reportPrice=179.4300}"
12/11/2025 8:06,368,US68389X1054,SELL,MIN_SELL 0.67,"{buyPrice=168.7286, quantity=4, buyRequestTs=2025-12-11T07:44:48.447, sellRequestTs=2025-12-05T17:18:48.637, openPrice=176.2609, sellPrice=168.8973, reportPrice=176.2609, buySpread=0.28, minPrice=176.2609, lowRocket={quantity=4, sellRequestTs=2025-12-11T08:06:48.348, transId=bya5JnojLzATTSBY4n5HFG, sellPrice=168.8973}, name=Oracle, reset=false, maxPrice=176.2609}"
12/11/2025 8:08,080,US68389X1054,BUY,-675.55,"{buyPrice=168.8887, quantity=4, buyRequestTs=2025-12-11T08:08:48.059, sellRequestTs=2025-12-11T08:06:48.370, openPrice=176.0049, sellPrice=0.0, reportPrice=176.0049, buySpread=0.10, minPrice=176.0049, lowRocket={quantity=4, sellRequestTs=2025-12-11T08:06:48.348, transId=bya5JnojLzATTSBY4n5HFG, sellPrice=168.8973}, name=Oracle, reset=false, maxPrice=176.0049}"
12/11/2025 8:32,164,US68389X1054,SELL,MIN_SELL 0.68,"{buyPrice=168.8887, quantity=4, buyRequestTs=2025-12-11T08:08:48.059, sellRequestTs=2025-12-11T08:06:48.370, openPrice=171.7819, sellPrice=169.0576, reportPrice=171.7819, buySpread=0.10, minPrice=171.7819, lowRocket={quantity=4, sellRequestTs=2025-12-11T08:32:48.141, transId=oBYds2iaRz33Gk53QG7tvW, sellPrice=169.0576}, name=Oracle, reset=false, maxPrice=171.7819}"
12/11/2025 15:34,798,US68389X1054,BUY,-322,"{buyPrice=161.0008, quantity=2, buyRequestTs=2025-12-11T15:34:49.776, sellRequestTs=2025-12-11T08:32:48.164, openPrice=164.6850, sellPrice=0.0, reportPrice=164.6850, buySpread=0.20, minPrice=164.6850, name=Oracle, reset=false, maxPrice=164.6850}"
12/11/2025 16:54,672,CA06849F1080,BUY,-7486.13,"{buyPrice=36.6967, quantity=204, buyRequestTs=2025-12-11T16:54:48.660, sellRequestTs=2025-11-25T10:36:49.250, openPrice=36.1319, sellPrice=0.0, minPercent=-7.0, reportPrice=36.1319, buySpread=0.02, minPrice=36.1319, name=Barrick Mining, reset=false, maxPrice=36.1319}"
12/11/2025 16:58,948,US5951121038,BUY,-7477.27,"{buyPrice=219.9197, quantity=34, buyRequestTs=2025-12-11T16:58:48.914, sellRequestTs=2025-09-25T19:04:49.955, openPrice=219.8818, sellPrice=0.0, minPercent=-7.0, reportPrice=219.8818, buySpread=0.15, minPrice=219.8818, name=Micron Technology, reset=false, maxPrice=219.8818}"
12/11/2025 22:12,210,CA06849F1080,SELL,HL 7.49,"{buyPrice=36.6967, quantity=204, buyRequestTs=2025-12-11T16:54:48.660, sellRequestTs=2025-11-25T10:36:49.250, openPrice=36.9005, sellPrice=36.7334, minPercent=-7.0, reportPrice=36.9005, buySpread=0.02, minPrice=36.9005, name=Barrick Mining, reset=false, maxPrice=36.9005}"
12/12/2025 7:32,844,NL0011794037,SELL,7.65,"{buyPrice=34.014, quantity=8.0, buyRequestTs=2025-12-10T13:00:51.085, sellRequestTs=2025-09-18T11:26:52.940, openPrice=34.8675, sellPrice=34.9700, minPercent=-7.0, reportPrice=34.8675, buySpread=0.03, minPrice=34.8675, name=Koninklijke Ahold Delhaize, reset=false, maxPrice=34.8675}"
12/12/2025 10:39,790,US68389X1054,SELL,HL 13.08,"{buyPrice=161.0008, quantity=2.0, buyRequestTs=2025-12-11T15:34:49.776, sellRequestTs=2025-12-11T08:32:48.164, buySpread=0.2, minPrice=168.3826, name=Oracle, openPrice=168.3826, reset=false, sellPrice=167.5400, maxPrice=168.3826, reportPrice=168.3826}"
12/12/2025 14:31,082,DE0005158703,BUY,-2212.21,"{buyPrice=44.2442, quantity=50, buyRequestTs=2025-12-12T14:31:27.061, sellRequestTs=2025-10-08T17:56:23.983, openPrice=43.8824, sellPrice=0.0, minPercent=-7.0, reportPrice=43.8824, buySpread=0.08, minPrice=43.8824, name=Bechtle, reset=false, maxPrice=43.8824}"
12/12/2025 15:51,679,US00724F1012,BUY,-7344.14,"{buyPrice=306.0057, quantity=24, buyRequestTs=2025-12-12T15:51:27.658, sellRequestTs=2025-07-29T21:41:24.548, buySpread=0.3, minPrice=300.5176, name=Adobe, openPrice=300.5176, reset=false, sellPrice=0.0, maxPrice=300.5176, reportPrice=300.5176}"
12/12/2025 15:57,241,US5951121038,SELL,MIN_SELL 7.48,"{buyPrice=219.9197, quantity=34.0, buyRequestTs=2025-12-11T16:58:48.914, sellRequestTs=2025-09-25T19:04:49.955, openPrice=216.3080, sellPrice=220.1396, minPercent=-7.0, reportPrice=216.3080, buySpread=0.15, minPrice=216.3080, lowRocket={quantity=34, sellRequestTs=2025-12-12T15:57:27.232, transId=hX44KHQYo5oadYQ7A3Na3x, sellPrice=220.1396}, name=Micron Technology, reset=false, maxPrice=216.3080}"
12/12/2025 16:57,047,IE000S9YS762,BUY,-351.95,"{buyPrice=351.9516, quantity=1, buyRequestTs=2025-12-12T16:57:27.026, sellRequestTs=2025-01-23T09:06:13.635, openPrice=349.6343, sellPrice=0.0, minPercent=-7.0, reportPrice=349.6343, buySpread=0.2, minPrice=349.6343, name=Linde, reset=false, maxPrice=349.6343}"
12/12/2025 17:03,686,US98978V1035,BUY,-307.21,"{buyPrice=102.4023, quantity=3, buyRequestTs=2025-12-12T17:03:26.665, sellRequestTs=2024-09-20T18:42:17.186, openPrice=101.7944, sellPrice=0.0, minPercent=-7.0, reportPrice=101.7944, buySpread=0.26, minPrice=101.7944, name=Zoetis, reset=false, maxPrice=101.7944}"
12/12/2025 19:41,634,DE0008404005,BUY,-382.18,"{buyPrice=382.1818, quantity=1, buyRequestTs=2025-12-12T19:41:27.615, sellRequestTs=2025-11-24T16:02:51.385, buySpread=0.5, minPrice=380.8022, name=Allianz, openPrice=380.8022, reset=false, sellPrice=0.0, maxPrice=380.8022, reportPrice=380.8022}"
12/12/2025 21:01,613,US5500211090,BUY,-355.92,"{buyPrice=177.9578, quantity=2, buyRequestTs=2025-12-12T21:01:27.592, buySpread=0.48, minPrice=175.9558, name=Lululemon Athletica, openPrice=175.9558, reset=false, sellPrice=0.0, minPercent=-7.0, maxPrice=175.9558, reportPrice=175.9558}"
12/12/2025 22:19,084,US88160R1014,BUY,-7426.92,"{buyPrice=390.8905, quantity=19, buyRequestTs=2025-12-12T22:19:28.064, sellRequestTs=2025-12-08T08:36:47.875, buySpread=0.6, minPrice=387.6028, name=Tesla, openPrice=387.6028, reset=false, sellPrice=0.0, maxPrice=387.6028, reportPrice=387.6028}"
12/15/2025 15:34,530,US5500211090,SELL,MIN_SELL 0.36,"{buyPrice=177.9578, quantity=2.0, buyRequestTs=2025-12-12T21:01:27.592, openPrice=172.7920, sellPrice=178.1358, minPercent=-7.0, reportPrice=172.7920, buySpread=0.48, minPrice=172.7920, lowRocket={quantity=2, sellRequestTs=2025-12-15T15:34:52.510, transId=fKq2jy1gXfumiELY6ej8UM, sellPrice=178.1358}, name=Lululemon Athletica, reset=false, maxPrice=172.7920}"
12/15/2025 16:50,556,US68389X1054,BUY,-3121.12,"{buyPrice=156.0559, quantity=20, buyRequestTs=2025-12-15T16:50:54.542, sellRequestTs=2025-12-12T10:39:26.791, buySpread=0.16, minPrice=156.8937, name=Oracle, openPrice=156.8937, reset=false, sellPrice=0.0, maxPrice=156.8937, reportPrice=156.8937}"
12/15/2025 17:34,848,US5500211090,BUY,-342.58,"{buyPrice=171.2911, quantity=2, buyRequestTs=2025-12-15T17:34:51.829, sellRequestTs=2025-12-15T15:34:52.531, openPrice=170.5618, sellPrice=0.0, minPercent=-7.0, reportPrice=170.5618, buySpread=0.56, minPrice=170.5618, lowRocket={quantity=2, sellRequestTs=2025-12-15T15:34:52.510, transId=fKq2jy1gXfumiELY6ej8UM, sellPrice=178.1358}, name=Lululemon Athletica, reset=false, maxPrice=170.5618}"
12/16/2025 7:40,591,US88160R1014,SELL,HL 155.03,"{buyPrice=390.8905, quantity=19.0, buyRequestTs=2025-12-12T22:19:28.064, sellRequestTs=2025-12-08T08:36:47.875, buySpread=0.6, minPrice=403.2296, name=Tesla, openPrice=403.2296, reset=false, sellPrice=399.0500, maxPrice=403.2296, reportPrice=403.2296}"
12/16/2025 8:00,974,US11135F1012,BUY,-2845.34,"{buyPrice=284.5343, quantity=10, buyRequestTs=2025-12-16T08:00:48.952, sellRequestTs=2025-11-25T16:36:52.020, buySpread=0.45, minPrice=286.4360, name=Broadcom, openPrice=286.4360, reset=false, sellPrice=0.0, maxPrice=286.4360, reportPrice=286.4360}"
12/16/2025 9:26,047,US5500211090,SELL,HL 4.38,"{buyPrice=171.2911, quantity=2.0, buyRequestTs=2025-12-15T17:34:51.829, sellRequestTs=2025-12-15T15:34:52.531, openPrice=174.3056, sellPrice=173.4800, minPercent=-7.0, reportPrice=174.3056, buySpread=0.56, minPrice=174.3056, lowRocket={quantity=2.0, sellRequestTs=2025-12-15T15:34:52.510, transId=fKq2jy1gXfumiELY6ej8UM, sellPrice=178.1358}, name=Lululemon Athletica, reset=false, maxPrice=174.3056}"
12/16/2025 10:12,991,US00724F1012,SELL,7.34,"{buyPrice=306.0057, quantity=24.0, buyRequestTs=2025-12-12T15:51:27.658, sellRequestTs=2025-07-29T21:41:24.548, buySpread=0.3, minPrice=296.1227, name=Adobe, openPrice=296.1227, reset=false, sellPrice=306.3117, maxPrice=296.1227, reportPrice=296.1227}"
12/16/2025 10:14,209,US11135F1012,SELL,31.16,"{buyPrice=284.5343, quantity=10, buyRequestTs=2025-12-16T08:00:48.952, sellRequestTs=2025-11-25T16:36:52.020, buySpread=0.45, minPrice=285.3045, name=Broadcom, openPrice=285.3045, reset=false, sellPrice=287.6500, maxPrice=285.3045, reportPrice=285.3045}"
12/16/2025 10:16,065,US11135F1012,BUY,-2874.37,"{buyPrice=287.4372, quantity=10, buyRequestTs=2025-12-16T10:16:49.043, sellRequestTs=2025-12-16T10:14:49.209, buySpread=0.30, minPrice=285.3620, name=Broadcom, openPrice=285.3620, reset=false, sellPrice=0.0, maxPrice=285.3620, reportPrice=285.3620}"
12/16/2025 10:18,928,DE0006599905,BUY,-366.52,"{buyPrice=122.1721, quantity=3, buyRequestTs=2025-12-16T10:18:48.916, sellRequestTs=2023-01-11T17:54:05.117, openPrice=120.0146, sellPrice=0.0, minPercent=-7.0, reportPrice=120.0146, buySpread=0.05, minPrice=120.0146, name=Merck, reset=false, maxPrice=120.0146}"
12/16/2025 11:00,076,US11135F1012,SELL,2.87,"{buyPrice=287.4372, quantity=10, buyRequestTs=2025-12-16T10:16:49.043, sellRequestTs=2025-12-16T10:14:49.209, buySpread=0.30, minPrice=286.0143, name=Broadcom, openPrice=286.0143, reset=false, sellPrice=287.7246, maxPrice=286.0143, reportPrice=286.0143}"
12/17/2025 14:08,190,US88160R1014,SELL,178.07,"{name:Tesla,quantity:18,source:HL}"
12/17/2025 14:08,493,US88160R1014,SELL,10.74,"{name:Tesla,quantity:1,source:HL}"
12/17/2025 15:02,057,US68389X1054,BUY,-318.12,"{name=Oracle,quantity=2,source=}"
12/17/2025 15:44,087,US68389X1054,BUY,-1549.75,"{name=Oracle,quantity=10,source=}"
12/17/2025 15:48,407,US68389X1054,SELL,0.32,"{name=Oracle,quantity=2,source=MIN_SELL}"
12/17/2025 15:50,546,US68389X1054,SELL,0.8,"{name=Oracle,quantity=5,source=MIN_SELL}"
12/17/2025 16:00,793,US68389X1054,SELL,0.32,"{name=Oracle,quantity=2,source=MIN_SELL}"
12/17/2025 16:18,240,US68389X1054,SELL,1.55,"{name=Oracle,quantity=10,source=MIN_SELL}"
12/17/2025 18:02,658,US68389X1054,BUY,-459.94,"{name=Oracle,quantity=3,source=}"
12/17/2025 21:56,009,US0231351067,SELL,0.39,"{name=Amazon.com,quantity=2,source=MIN_SELL}"
12/17/2025 22:12,731,US98978V1035,SELL,5.15,"{name=Zoetis,quantity=3,source=HL}"
12/18/2025 7:44,140,DE0005158703,SELL,2.21,"{name=Bechtle,quantity=50,source=MIN_SELL}"
12/18/2025 9:46,885,US0320951017,BUY,-326.31,"{name=Amphenol A,quantity=3,source=}"
12/18/2025 13:16,189,US5951121038,BUY,-436.04,"{name=Micron Technology,quantity=2,source=}"
12/18/2025 13:18,098,US5951121038,BUY,-439.54,"{name=Micron Technology,quantity=2,source=}"
12/18/2025 13:56,989,US5951121038,BUY,-435.74,"{name=Micron Technology,quantity=2,source=}"
12/18/2025 14:26,830,US5951121038,BUY,-653.6,"{name=Micron Technology,quantity=3,source=}"
12/18/2025 14:46,189,US5951121038,BUY,-440.84,"{name=Micron Technology,quantity=2,source=}"
12/18/2025 14:52,224,US5951121038,BUY,-440.04,"{name=Micron Technology,quantity=2,source=}"
12/18/2025 15:12,197,US23804L1035,BUY,-2973.97,"{name=Datadog A,quantity=25,source=}"
12/18/2025 15:34,458,US5951121038,BUY,-447.45,"{name=Micron Technology,quantity=2,source=}"
12/18/2025 16:08,305,US0231351067,BUY,-386.59,"{name=Amazon.com,quantity=2,source=}"
12/18/2025 16:16,658,US68389X1054,BUY,-2327.33,"{name=Oracle,quantity=15,source=}"
12/18/2025 16:22,115,DE0008404005,BUY,-382.78,"{name=Allianz,quantity=1,source=}"
12/18/2025 16:24,920,US0231351067,SELL,155.62,"{name=Amazon.com,quantity=39,source=}"
12/18/2025 16:24,179,US0231351067,SELL,1.25,"{name=Amazon.com,quantity=2,source=}"
12/18/2025 16:25,540,US5949181045,BUY,-413.81,"{name=Microsoft,quantity=1,source=}"
12/18/2025 16:48,448,US5500211090,SELL,21.29,"{name=Lululemon Athletica,quantity=2,source=HL}"
12/18/2025 16:48,796,US5500211090,SELL,25.61,"{name=Lululemon Athletica,quantity=2,source=HL}"
12/18/2025 16:52,257,DE0008404005,SELL,1.72,"{name=Allianz,quantity=1,source=}"
12/18/2025 17:00,864,US5951121038,BUY,-430.03,"{name=Micron Technology,quantity=2,source=}"
12/18/2025 17:02,701,US5951121038,BUY,-1715.71,"{name=Micron Technology,quantity=8,source=}"
12/18/2025 17:04,773,US5951121038,BUY,-2354.7,"{name=Micron Technology,quantity=11,source=}"
12/18/2025 17:06,663,US5951121038,BUY,-428.23,"{name=Micron Technology,quantity=2,source=}"
12/18/2025 17:18,551,US5951121038,SELL,0.45,"{name=Micron Technology,quantity=2,source=MIN_SELL}"
12/18/2025 17:20,793,US5951121038,SELL,0.21,"{name=Micron Technology,quantity=1.000,source=}"
12/18/2025 17:28,426,US5951121038,SELL,0.21,"{name=Micron Technology,quantity=1.000,source=}"
12/18/2025 17:32,669,US5951121038,SELL,0.21,"{name=Micron Technology,quantity=1.000,source=}"
12/18/2025 19:00,762,US5951121038,BUY,-216.92,"{name=Micron Technology,quantity=1,source=}"
12/18/2025 19:06,490,US5951121038,BUY,-433.63,"{name=Micron Technology,quantity=2,source=}"
12/18/2025 19:41,506,US0231351067,BUY,-388.27,"{name=Amazon.com,quantity=2,source=}"
12/18/2025 20:25,668,IE000S9YS762,SELL,6.45,"{name=Linde,quantity=1,source=HL}"
12/18/2025 21:45,509,US11135F1012,BUY,-7348.44,"{name=Broadcom,quantity=26,source=}"
12/18/2025 22:13,799,US5951121038,SELL,0.44,"{name=Micron Technology,quantity=2,source=MIN_SELL}"
12/18/2025 22:19,752,US5951121038,SELL,0.65,"{name=Micron Technology,quantity=3,source=MIN_SELL}"
12/19/2025 7:32,615,US5951121038,SELL,0.43,"{name=Micron Technology,quantity=2,source=}"
12/19/2025 7:32,005,US5951121038,SELL,1.28,"{name=Micron Technology,quantity=6.000,source=}"
12/19/2025 9:44,469,NL0013654783,BUY,-265.47,"{name=Prosus,quantity=5,source=}"
12/19/2025 11:48,788,US0231351067,BUY,-389.35,"{name=Amazon.com,quantity=2,source=}"
12/19/2025 13:22,829,US68389X1054,SELL,75.68,"{name=Oracle,quantity=15,source=HL}"
12/19/2025 13:28,101,US68389X1054,SELL,20.54,"{name=Oracle,quantity=3,source=HL}"
12/19/2025 15:34,228,US5951121038,SELL,1.76,"{name=Micron Technology,quantity=2,source=}"
12/19/2025 15:34,486,US5951121038,SELL,12.57,"{name=Micron Technology,quantity=2,source=}"
12/19/2025 15:34,838,US5951121038,SELL,54.69,"{name=Micron Technology,quantity=8,source=}"
12/19/2025 15:36,619,US5951121038,SELL,16.17,"{name=Micron Technology,quantity=2,source=}"
12/19/2025 15:38,308,US5951121038,SELL,16.15,"{name=Micron Technology,quantity=3,source=}"
12/19/2025 17:50,323,US5951121038,BUY,-446.35,"{name=Micron Technology,quantity=2,source=}"
12/19/2025 18:02,550,US5951121038,SELL,2.05,"{name=Micron Technology,quantity=2,source=}"
12/19/2025 19:16,245,US68389X1054,BUY,-7478.37,"{name=Oracle,quantity=45,source=}"
12/19/2025 22:42,392,US7707001027,BUY,-312.13,"{name=Robinhood Markets A,quantity=3,source=}"
12/22/2025 13:12,600,US0231351067,BUY,-6630.5,"{name=Amazon.com,quantity=34,source=}"
12/22/2025 16:08,274,US11135F1012,SELL,186.36,"{name=Broadcom,quantity=26,source=HL}"
12/22/2025 16:16,036,US5951121038,SELL,25.06,"{name=Micron Technology,quantity=2,source=HL}"
12/22/2025 16:20,815,US5951121038,SELL,22.46,"{name=Micron Technology,quantity=2,source=HL}"
12/22/2025 16:50,333,US5951121038,BUY,-7332.12,"{name=Micron Technology,quantity=32,source=}"
12/22/2025 16:52,791,US5951121038,BUY,-458.36,"{name=Micron Technology,quantity=2,source=}"
12/22/2025 17:26,831,US0320951017,SELL,17.55,"{name=Amphenol A,quantity=3,source=HL}"
12/23/2025 9:14,916,DK0062498333,BUY,-7482.52,"{name=Novo-Nordisk B,quantity=174,source=}"
12/23/2025 9:20,893,DK0062498333,BUY,-257.9,"{name=Novo-Nordisk B,quantity=6,source=}"
12/23/2025 14:58,435,DK0062498333,SELL,8.05,"{name=Novo-Nordisk B,quantity=6,source=}"
12/23/2025 15:28,893,DK0062498333,BUY,-268.29,"{name=Novo-Nordisk B,quantity=6,source=}"
12/23/2025 15:37,375,US7707001027,SELL,0.31,"{name=Robinhood Markets A,quantity=3,source=MIN_SELL}"
12/23/2025 15:54,993,US0231351067,BUY,-394.27,"{name=Amazon.com,quantity=2,source=}"
12/23/2025 15:56,915,US02079K3059,BUY,-266.62,"{name=Alphabet A,quantity=1,source=}"
12/23/2025 16:14,446,US69608A1088,BUY,-7365.76,"{name=Palantir Technologies,quantity=45,source=}"
12/23/2025 16:18,899,US69608A1088,BUY,-328.09,"{name=Palantir Technologies,quantity=2,source=}"
12/23/2025 20:06,082,DK0062498333,SELL,5.02,"{name=Novo-Nordisk B,quantity=6,source=HL}"
12/29/2025 7:30,862,US69608A1088,SELL,7.37,"{name=Palantir Technologies,quantity=45,source=MIN_SELL}"
12/29/2025 7:30,548,US69608A1088,SELL,0.33,"{name=Palantir Technologies,quantity=2,source=MIN_SELL}"
12/29/2025 9:14,672,DK0062498333,SELL,222.94,"{name=Novo-Nordisk B,quantity=168,source=HL}"
12/29/2025 16:06,276,DE000BAY0017,BUY,-7480.13,"{name=Bayer,quantity=206,source=}"
12/29/2025 16:08,350,DE000BAY0017,BUY,-254.56,"{name=Bayer,quantity=7,source=}"
12/29/2025 16:16,493,DK0062498333,BUY,-7227.32,"{name=Novo-Nordisk B,quantity=164,source=}"
12/29/2025 16:18,445,DK0062498333,BUY,-264.32,"{name=Novo-Nordisk B,quantity=6,source=}"
12/29/2025 21:42,384,US68389X1054,SELL,0.33,"{name=Oracle,quantity=2,source=}"
12/29/2025 21:42,709,US23804L1035,SELL,2.98,"{name=Datadog A,quantity=25,source=}"
12/29/2025 21:44,392,US68389X1054,SELL,0.33,"{name=Oracle,quantity=2,source=}"
12/29/2025 21:49,403,US02079K3059,BUY,-7204.05,"{name=Alphabet A,quantity=27,source=}"
12/29/2025 21:49,748,US90353T1007,BUY,-277.8,"{name=Uber Technologies,quantity=4,source=}"
12/29/2025 21:52,383,US5951121038,SELL,42.04,"{name=Micron Technology,quantity=2,source=}"
12/29/2025 21:52,888,US02079K3059,BUY,-266.87,"{name=Alphabet A,quantity=1,source=}"
12/30/2025 10:46,370,DK0062498333,SELL,0.27,"{name=Novo-Nordisk B,quantity=6,source=MIN_SELL}"
12/30/2025 10:54,571,US64110L1061,BUY,-640.96,"{name=Netflix,quantity=8,source=}"
12/30/2025 12:22,718,DK0062498333,SELL,0.26,"{name=Novo-Nordisk B,quantity=6,source=}"
1/9/2026 9:04,184,NL0013654783,BUY,-264.51,"{name=Prosus,quantity=5,source=}"
1/9/2026 10:34,212,DK0062498333,BUY,-253.15,"{name=Novo-Nordisk B,quantity=5,source=}"
1/9/2026 13:19,976,DE0007164600,BUY,-1703.7,"{name=SAP SE,quantity=8,source=}"
1/9/2026 13:21,786,US23804L1035,BUY,-7436.39,"{name=Datadog A,quantity=66,source=}"
1/9/2026 14:23,160,US92840M1027,BUY,-4543.54,"{name=Vistra Corp,quantity=30,source=}"
1/9/2026 14:43,539,DK0062498333,BUY,-254.6,"{name=Novo-Nordisk B,quantity=5,source=}"
1/9/2026 14:43,026,DE0007236101,BUY,-255.51,"{name=Siemens,quantity=1,source=}"
1/9/2026 14:45,958,US92840M1027,BUY,-1525.02,"{name=Vistra Corp,quantity=10,source=}"
1/9/2026 14:47,781,US92840M1027,BUY,-1368.02,"{name=Vistra Corp,quantity=9,source=}"
1/9/2026 15:34,203,DK0062498333,BUY,-257.51,"{name=Novo-Nordisk B,quantity=5,source=}"
1/9/2026 15:38,332,US23804L1035,BUY,-338.14,"{name=Datadog A,quantity=3,source=}"
1/9/2026 15:40,237,US92840M1027,BUY,-294.29,"{name=Vistra Corp,quantity=2,source=}"
1/9/2026 16:08,753,US5951121038,BUY,-2893.89,"{name=Micron Technology,quantity=10,source=}"
1/9/2026 16:12,685,US5951121038,BUY,-1456.46,"{name=Micron Technology,quantity=5,source=}"
1/9/2026 16:16,282,US5951121038,BUY,-292.29,"{name=Micron Technology,quantity=1,source=}"
1/9/2026 16:24,090,US1667641005,BUY,-7469.18,"{name=Chevron Corp,quantity=54,source=}"
1/9/2026 16:32,647,US1667641005,BUY,-276.56,"{name=Chevron Corp,quantity=2,source=}"
1/9/2026 17:50,073,US92840M1027,SELL,0.29,"{name=Vistra Corp,quantity=2,source=MIN_SELL}"
1/9/2026 17:54,422,DK0062498333,SELL,11.41,"{name=Novo-Nordisk B,quantity=6,source=HL}"
1/9/2026 17:56,713,DK0062498333,SELL,1.8,"{name=Novo-Nordisk B,quantity=5,source=HL}"
1/9/2026 17:56,180,DK0062498333,SELL,85.6,"{name=Novo-Nordisk B,quantity=46,source=HL}"
1/9/2026 18:35,762,US92840M1027,SELL,1.53,"{name=Vistra Corp,quantity=10,source=MIN_SELL}"
1/9/2026 18:40,553,US23804L1035,SELL,0.34,"{name=Datadog A,quantity=3,source=MIN_SELL}"
1/9/2026 18:40,935,US23804L1035,SELL,7.44,"{name=Datadog A,quantity=66,source=MIN_SELL}"
1/9/2026 19:14,335,US92840M1027,SELL,1.37,"{name=Vistra Corp,quantity=9,source=MIN_SELL}"
1/9/2026 19:36,904,US92840M1027,SELL,4.55,"{name=Vistra Corp,quantity=30,source=MIN_SELL}"
1/9/2026 20:51,877,US5951121038,BUY,-296.95,"{name=Micron Technology,quantity=1,source=}"
1/2/2026 9:50,012,DE0005158703,BUY,-2201.2,"{name=Bechtle,quantity=50,source=}"
1/2/2026 12:42,653,NL0013654783,SELL,5.79,"{name=Prosus,quantity=5,source=HL}"
1/2/2026 14:42,581,US5951121038,SELL,41.74,"{name=Micron Technology,quantity=2,source=HL}"
1/2/2026 14:48,176,US5951121038,SELL,618.63,"{name=Micron Technology,quantity=30,source=HL}"
1/2/2026 15:16,081,US68389X1054,BUY,-675.55,"{name=Oracle,quantity=4,source=}"
1/2/2026 15:16,381,US68389X1054,BUY,-676.12,"{name=Oracle,quantity=4,source=}"
1/2/2026 15:16,758,US68389X1054,BUY,-676.04,"{name=Oracle,quantity=4,source=}"
1/2/2026 16:31,712,US0231351067,SELL,0.39,"{name=Amazon.com,quantity=2,source=HL}"
1/2/2026 16:34,890,US98978V1035,SELL,2.99,"{name=Zoetis,quantity=3,source=HL}"
1/2/2026 16:38,004,DE0007164600,SELL,1.47,"{name=SAP SE,quantity=7,source=MIN_SELL}"
1/2/2026 17:08,590,US02079K3059,SELL,0.27,"{name=Alphabet A,quantity=1,source=HL}"
1/2/2026 17:22,490,US64110L1061,SELL,0.64,"{name=Netflix,quantity=8,source=MIN_SELL}"
1/2/2026 18:18,449,US5949181045,SELL,0.41,"{name=Microsoft,quantity=1,source=MIN_SELL}"
1/5/2026 8:52,415,US30231G1022,BUY,-2182.18,"{name=Exxon Mobil,quantity=20,source=}"
1/5/2026 9:02,700,US20825C1045,BUY,-4533.53,"{name=ConocoPhillips,quantity=50,source=}"
1/5/2026 9:06,208,US30231G1022,BUY,-3279.28,"{name=Exxon Mobil,quantity=30,source=}"
1/5/2026 9:30,428,DK0062498333,BUY,-316.47,"{name=Novo-Nordisk B,quantity=7,source=}"
1/5/2026 9:58,130,DE000ENER6Y0,BUY,-5067.06,"{name=Siemens Energy,quantity=40,source=}"
1/5/2026 10:10,341,US0320951017,BUY,-361.68,"{name=Amphenol A,quantity=3,source=}"
1/5/2026 10:10,733,US0079031078,BUY,-3915.51,"{name=Advanced Micro Devices,quantity=20,source=}"
1/5/2026 10:33,443,US20825C1045,BUY,-970.73,"{name=ConocoPhillips,quantity=11,source=}"
1/5/2026 11:01,999,DK0062498333,SELL,0.32,"{name=Novo-Nordisk B,quantity=7,source=}"
1/5/2026 11:01,433,DK0062498333,SELL,136.28,"{name=Novo-Nordisk B,quantity=164,source=}"
1/5/2026 11:49,023,US92840M1027,BUY,-5443.24,"{name=Vistra Corp,quantity=38,source=}"
1/5/2026 12:15,870,DE000BAY0017,SELL,13.01,"{name=Bayer,quantity=7,source=HL}"
1/5/2026 12:19,357,DE000BAY0017,SELL,398.34,"{name=Bayer,quantity=206,source=HL}"
1/5/2026 12:35,784,US90353T1007,BUY,-280.6,"{name=Uber Technologies,quantity=4,source=}"
1/5/2026 13:42,239,US20825C1045,SELL,0.97,"{name=ConocoPhillips,quantity=11,source=MIN_SELL}"
1/5/2026 14:09,065,DK0062498333,BUY,-5464.26,"{name=Novo-Nordisk B,quantity=120,source=}"
1/5/2026 15:35,394,US90353T1007,BUY,-274.55,"{name=Uber Technologies,quantity=4,source=}"
1/5/2026 15:35,748,US30231G1022,BUY,-322.82,"{name=Exxon Mobil,quantity=3,source=}"
1/5/2026 15:37,337,US5951121038,BUY,-271.12,"{name=Micron Technology,quantity=1,source=}"
1/5/2026 15:39,947,US92840M1027,BUY,-290.39,"{name=Vistra Corp,quantity=2,source=}"
1/5/2026 16:09,483,US20825C1045,SELL,4.54,"{name=ConocoPhillips,quantity=50,source=MIN_SELL}"
1/5/2026 16:09,888,DE0007030009,BUY,-3478.48,"{name=Rheinmetall,quantity=2,source=}"
1/5/2026 16:09,254,DK0062498333,BUY,-277.39,"{name=Novo-Nordisk B,quantity=6,source=}"
1/5/2026 16:11,985,DE0007030009,BUY,-1740.24,"{name=Rheinmetall,quantity=1,source=}"
1/5/2026 16:19,550,US68389X1054,SELL,50.59,"{name=Oracle,quantity=41,source=HL}"
1/5/2026 16:39,331,US5951121038,SELL,0.73,"{name=Micron Technology,quantity=1,source=MIN_SELL}"
1/5/2026 16:39,618,US7707001027,BUY,-309.07,"{name=Robinhood Markets A,quantity=3,source=}"
1/5/2026 16:41,123,US90353T1007,SELL,0.28,"{name=Uber Technologies,quantity=4,source=}"
1/5/2026 17:01,794,US92840M1027,SELL,0.29,"{name=Vistra Corp,quantity=2,source=MIN_SELL}"
1/5/2026 17:27,246,US92840M1027,SELL,5.44,"{name=Vistra Corp,quantity=38,source=MIN_SELL}"
1/5/2026 17:33,045,US5949181045,SELL,7.34,"{name=Microsoft,quantity=18,source=}"
1/5/2026 17:59,515,US0079031078,SELL,3.92,"{name=Advanced Micro Devices,quantity=20,source=MIN_SELL}"
1/5/2026 18:05,934,DE000ENER6Y0,SELL,5.07,"{name=Siemens Energy,quantity=40,source=HL}"
1/5/2026 18:27,017,US21037T1097,BUY,-5404.5,"{name=Constellation Energy,quantity=18,source=}"
1/5/2026 19:13,847,US68389X1054,SELL,0.68,"{name=Oracle,quantity=4,source=MIN_SELL}"
1/5/2026 19:59,452,US68389X1054,SELL,0.68,"{name=Oracle,quantity=4,source=MIN_SELL}"
1/5/2026 20:59,256,US68389X1054,SELL,0.68,"{name=Oracle,quantity=4,source=MIN_SELL}"
1/6/2026 7:54,509,US90353T1007,SELL,0.93,"{name=Uber Technologies,quantity=4,source=MIN_SELL}"
1/6/2026 8:54,086,US5951121038,BUY,-272.12,"{name=Micron Technology,quantity=1,source=}"
1/6/2026 9:08,581,DK0062498333,SELL,11.39,"{name=Novo-Nordisk B,quantity=6,source=}"
1/6/2026 9:08,851,DK0062498333,SELL,311.34,"{name=Novo-Nordisk B,quantity=120,source=}"
1/6/2026 10:24,048,DE000A1EWWW0,BUY,-790.29,"{name=adidas,quantity=5,source=}"
1/6/2026 10:34,901,US90353T1007,SELL,0.28,"{name=Uber Technologies,quantity=4,source=}"
1/6/2026 10:38,146,DE000A1EWWW0,BUY,-793.04,"{name=adidas,quantity=5,source=}"
1/6/2026 12:20,368,DK0062498333,BUY,-296.52,"{name=Novo-Nordisk B,quantity=6,source=}"
1/6/2026 13:00,367,DE0006599905,SELL,10.13,"{name=Merck,quantity=3,source=HL}"
1/6/2026 13:00,632,US21037T1097,BUY,-305.1,"{name=Constellation Energy,quantity=1,source=}"
1/6/2026 15:34,509,US5951121038,BUY,-279.23,"{name=Micron Technology,quantity=1,source=}"
1/6/2026 15:36,294,US0320951017,SELL,0.36,"{name=Amphenol A,quantity=3,source=MIN_SELL}"
1/6/2026 15:54,537,DE0007030009,SELL,24.76,"{name=Rheinmetall,quantity=1,source=HL}"
1/6/2026 15:54,992,DE0007030009,SELL,51.53,"{name=Rheinmetall,quantity=2,source=HL}"
1/6/2026 16:02,279,DE0005158703,SELL,33.8,"{name=Bechtle,quantity=50,source=}"
1/6/2026 16:02,626,US90353T1007,BUY,-290.33,"{name=Uber Technologies,quantity=4,source=}"
1/6/2026 16:02,003,DK0062498333,BUY,-5201.65,"{name=Novo-Nordisk B,quantity=105,source=}"
1/6/2026 16:02,294,US5951121038,BUY,-4837.08,"{name=Micron Technology,quantity=17,source=}"
1/6/2026 16:04,741,DK0062498333,BUY,-296.52,"{name=Novo-Nordisk B,quantity=6,source=}"
1/6/2026 16:04,019,US5951121038,BUY,-286.14,"{name=Micron Technology,quantity=1,source=}"
1/6/2026 16:08,425,US7707001027,SELL,3.41,"{name=Robinhood Markets A,quantity=3,source=HL}"
1/6/2026 16:08,701,US1667641005,BUY,-5476.67,"{name=Chevron Corp,quantity=40,source=}"
1/6/2026 16:10,501,US1667641005,BUY,-274.47,"{name=Chevron Corp,quantity=2,source=}"
1/6/2026 16:54,804,US30231G1022,SELL,0.32,"{name=Exxon Mobil,quantity=3,source=MIN_SELL}"
1/6/2026 17:22,196,US1667641005,SELL,5.48,"{name=Chevron Corp,quantity=40,source=MIN_SELL}"
1/6/2026 17:24,221,US1667641005,SELL,0.27,"{name=Chevron Corp,quantity=2,source=MIN_SELL}"
1/6/2026 17:48,746,US30231G1022,SELL,3.28,"{name=Exxon Mobil,quantity=30,source=MIN_SELL}"
1/6/2026 18:20,281,DK0062498333,SELL,0.3,"{name=Novo-Nordisk B,quantity=6,source=MIN_SELL}"
1/6/2026 18:32,022,US30231G1022,SELL,2.18,"{name=Exxon Mobil,quantity=20,source=MIN_SELL}"
1/6/2026 19:00,083,DK0062498333,SELL,0.3,"{name=Novo-Nordisk B,quantity=6,source=MIN_SELL}"
1/6/2026 19:00,506,DK0062498333,SELL,5.2,"{name=Novo-Nordisk B,quantity=105,source=MIN_SELL}"
1/7/2026 8:48,291,US5951121038,SELL,4.61,"{name=Micron Technology,quantity=1,source=HL}"
1/7/2026 8:50,319,US5951121038,SELL,11.92,"{name=Micron Technology,quantity=1,source=HL}"
1/7/2026 8:58,015,US5951121038,SELL,113.32,"{name=Micron Technology,quantity=17,source=HL}"
1/7/2026 11:06,747,US0231351067,SELL,15.93,"{name=Amazon.com,quantity=2,source=HL}"
1/7/2026 11:06,115,US5951121038,SELL,17.43,"{name=Micron Technology,quantity=1,source=HL}"
1/7/2026 11:20,944,US0231351067,SELL,341.2,"{name=Amazon.com,quantity=34,source=HL}"
1/7/2026 11:28,215,US0231351067,SELL,20.75,"{name=Amazon.com,quantity=2,source=HL}"
1/7/2026 15:16,196,DE000A1EWWW0,SELL,17.21,"{name=adidas,quantity=5,source=}"
1/7/2026 15:16,573,DE000A1EWWW0,SELL,19.96,"{name=adidas,quantity=5,source=}"
1/7/2026 15:50,046,FI0009000681,BUY,-7499.81,"{name=Nokia,quantity=1303,source=}"
1/7/2026 16:18,374,NL0011794037,BUY,-271.63,"{name=Koninklijke Ahold Delhaize,quantity=8,source=}"
1/7/2026 16:28,254,DE0008404005,BUY,-382.28,"{name=Allianz,quantity=1,source=}"
1/7/2026 16:36,894,US21037T1097,SELL,0.31,"{name=Constellation Energy,quantity=1,source=MIN_SELL}"
1/7/2026 16:36,210,DE0008404005,SELL,0.38,"{name=Allianz,quantity=1,source=}"
1/7/2026 16:36,496,US0231351067,BUY,-416.72,"{name=Amazon.com,quantity=2,source=}"
1/7/2026 16:58,633,FI0009000681,BUY,-256.16,"{name=Nokia,quantity=44,source=}"
1/7/2026 17:04,867,US5951121038,BUY,-2936.93,"{name=Micron Technology,quantity=10,source=}"
1/7/2026 17:10,876,US21037T1097,SELL,5.41,"{name=Constellation Energy,quantity=18,source=MIN_SELL}"
1/7/2026 19:30,320,US98980G1022,BUY,-7446.32,"{name=Zscaler,quantity=38,source=}"
1/7/2026 20:38,749,US90353T1007,BUY,-295.34,"{name=Uber Technologies,quantity=4,source=}"
1/7/2026 20:48,767,US98980G1022,BUY,-394.15,"{name=Zscaler,quantity=2,source=}"
1/7/2026 21:16,904,US5951121038,BUY,-868.02,"{name=Micron Technology,quantity=3,source=}"
1/7/2026 21:22,931,US90353T1007,SELL,4.83,"{name=Uber Technologies,quantity=4,source=HL}"
1/8/2026 7:32,924,FI0009000681,SELL,0.26,"{name=Nokia,quantity=44,source=}"
1/8/2026 7:32,208,FI0009000681,SELL,10.12,"{name=Nokia,quantity=456,source=}"
1/8/2026 8:24,576,FI0009000681,SELL,19.1,"{name=Nokia,quantity=500,source=}"
1/8/2026 9:04,855,NL0011794037,BUY,-267.39,"{name=Koninklijke Ahold Delhaize,quantity=8,source=}"
1/8/2026 9:26,554,NL0011794037,SELL,0.27,"{name=Koninklijke Ahold Delhaize,quantity=8,source=MIN_SELL}"
1/8/2026 9:38,744,FI0009000681,SELL,25.75,"{name=Nokia,quantity=347,source=}"
1/8/2026 11:04,666,NL0011794037,SELL,0.27,"{name=Koninklijke Ahold Delhaize,quantity=8,source=MIN_SELL}"
1/8/2026 11:34,899,DE0007236101,BUY,-257.36,"{name=Siemens,quantity=1,source=}"
1/8/2026 11:42,938,DE0007236101,BUY,-257.46,"{name=Siemens,quantity=1,source=}"
1/8/2026 11:44,646,DE0007236101,BUY,-772.07,"{name=Siemens,quantity=3,source=}"
1/8/2026 12:06,451,US4581401001,BUY,-255.65,"{name=Intel Corp,quantity=7,source=}"
1/8/2026 12:14,685,US4581401001,BUY,-7213.42,"{name=Intel Corp,quantity=198,source=}"
1/8/2026 14:52,754,DE0007236101,SELL,0.77,"{name=Siemens,quantity=3,source=MIN_SELL}"
1/8/2026 14:54,672,DE0007236101,SELL,0.26,"{name=Siemens,quantity=1,source=MIN_SELL}"
1/8/2026 14:54,032,DE0007236101,SELL,0.26,"{name=Siemens,quantity=1,source=MIN_SELL}"
1/8/2026 15:32,431,US68389X1054,BUY,-1632.43,"{name=Oracle,quantity=10,source=}"
1/8/2026 15:44,898,US68389X1054,BUY,-3841.92,"{name=Oracle,quantity=24,source=}"
1/8/2026 15:52,825,DK0062498333,BUY,-2259.94,"{name=Novo-Nordisk B,quantity=46,source=}"
1/8/2026 15:54,135,DK0062498333,BUY,-294.77,"{name=Novo-Nordisk B,quantity=6,source=}"
1/8/2026 15:54,623,DE000BAY0017,BUY,-7487.05,"{name=Bayer,quantity=191,source=}"
1/8/2026 16:00,136,US98980G1022,SELL,0.39,"{name=Zscaler,quantity=2,source=}"
1/8/2026 16:00,578,US98980G1022,SELL,5.49,"{name=Zscaler,quantity=28,source=}"
1/8/2026 16:22,790,US5951121038,SELL,2.94,"{name=Micron Technology,quantity=10,source=MIN_SELL}"
1/8/2026 16:40,404,US5951121038,SELL,0.87,"{name=Micron Technology,quantity=3,source=MIN_SELL}"
1/8/2026 16:54,720,US68389X1054,SELL,1.63,"{name=Oracle,quantity=10,source=MIN_SELL}"
1/8/2026 16:54,068,US4581401001,SELL,7.21,"{name=Intel Corp,quantity=198,source=}"
1/8/2026 16:54,413,US4581401001,SELL,0.26,"{name=Intel Corp,quantity=7,source=}"
1/8/2026 17:08,109,US98980G1022,SELL,1.96,"{name=Zscaler,quantity=10,source=MIN_SELL}"
1/8/2026 17:26,248,US1667641005,BUY,-1624.98,"{name=Chevron Corp,quantity=12,source=}"
1/8/2026 17:28,651,US1667641005,BUY,-270.75,"{name=Chevron Corp,quantity=2,source=}"
1/8/2026 17:32,928,US68389X1054,SELL,44.16,"{name=Oracle,quantity=24,source=MIN_SELL}"
1/8/2026 17:32,351,US1667641005,SELL,0.27,"{name=Chevron Corp,quantity=2,source=}"
1/8/2026 17:32,745,US1667641005,SELL,1.62,"{name=Chevron Corp,quantity=12,source=}"
1/8/2026 18:34,753,US90353T1007,SELL,4.74,"{name=Uber Technologies,quantity=4,source=}"
1/8/2026 18:48,508,DE000BAY0017,SELL,55.54,"{name=Bayer,quantity=191,source=}"
1/9/2026 9:04,184,NL0013654783,BUY,-264.51,"{name=Prosus,quantity=5,source=}"
1/9/2026 10:34,212,DK0062498333,BUY,-253.15,"{name=Novo-Nordisk B,quantity=5,source=}"
1/9/2026 13:19,976,DE0007164600,BUY,-1703.7,"{name=SAP SE,quantity=8,source=}"
1/9/2026 13:21,786,US23804L1035,BUY,-7436.39,"{name=Datadog A,quantity=66,source=}"
1/9/2026 14:23,160,US92840M1027,BUY,-4543.54,"{name=Vistra Corp,quantity=30,source=}"
1/9/2026 14:43,539,DK0062498333,BUY,-254.6,"{name=Novo-Nordisk B,quantity=5,source=}"
1/9/2026 14:43,026,DE0007236101,BUY,-255.51,"{name=Siemens,quantity=1,source=}"
1/9/2026 14:45,958,US92840M1027,BUY,-1525.02,"{name=Vistra Corp,quantity=10,source=}"
1/9/2026 14:47,781,US92840M1027,BUY,-1368.02,"{name=Vistra Corp,quantity=9,source=}"
1/9/2026 15:34,203,DK0062498333,BUY,-257.51,"{name=Novo-Nordisk B,quantity=5,source=}"
1/9/2026 15:38,332,US23804L1035,BUY,-338.14,"{name=Datadog A,quantity=3,source=}"
1/9/2026 15:40,237,US92840M1027,BUY,-294.29,"{name=Vistra Corp,quantity=2,source=}"
1/9/2026 16:08,753,US5951121038,BUY,-2893.89,"{name=Micron Technology,quantity=10,source=}"
1/9/2026 16:12,685,US5951121038,BUY,-1456.46,"{name=Micron Technology,quantity=5,source=}"
1/9/2026 16:16,282,US5951121038,BUY,-292.29,"{name=Micron Technology,quantity=1,source=}"
1/9/2026 16:24,090,US1667641005,BUY,-7469.18,"{name=Chevron Corp,quantity=54,source=}"
1/9/2026 16:32,647,US1667641005,BUY,-276.56,"{name=Chevron Corp,quantity=2,source=}"
1/9/2026 17:50,073,US92840M1027,SELL,0.29,"{name=Vistra Corp,quantity=2,source=MIN_SELL}"
1/9/2026 17:54,422,DK0062498333,SELL,11.41,"{name=Novo-Nordisk B,quantity=6,source=HL}"
1/9/2026 17:56,713,DK0062498333,SELL,1.8,"{name=Novo-Nordisk B,quantity=5,source=HL}"
1/9/2026 17:56,180,DK0062498333,SELL,85.6,"{name=Novo-Nordisk B,quantity=46,source=HL}"
1/9/2026 18:35,762,US92840M1027,SELL,1.53,"{name=Vistra Corp,quantity=10,source=MIN_SELL}"
1/9/2026 18:40,553,US23804L1035,SELL,0.34,"{name=Datadog A,quantity=3,source=MIN_SELL}"
1/9/2026 18:40,935,US23804L1035,SELL,7.44,"{name=Datadog A,quantity=66,source=MIN_SELL}"
1/9/2026 19:14,335,US92840M1027,SELL,1.37,"{name=Vistra Corp,quantity=9,source=MIN_SELL}"
1/9/2026 19:36,904,US92840M1027,SELL,4.55,"{name=Vistra Corp,quantity=30,source=MIN_SELL}"
1/9/2026 20:51,877,US5951121038,BUY,-296.95,"{name=Micron Technology,quantity=1,source=}"
12/12/2025 7:32,844,NL0011794037,SELL,7.65,"{buyPrice=34.014, quantity=8.0, buyRequestTs=2025-12-10T13:00:51.085, sellRequestTs=2025-09-18T11:26:52.940, openPrice=34.8675, sellPrice=34.9700, minPercent=-7.0, reportPrice=34.8675, buySpread=0.03, minPrice=34.8675, name=Koninklijke Ahold Delhaize, reset=false, maxPrice=34.8675}"
12/12/2025 10:39,790,US68389X1054,SELL,HL 13.08,"{buyPrice=161.0008, quantity=2.0, buyRequestTs=2025-12-11T15:34:49.776, sellRequestTs=2025-12-11T08:32:48.164, buySpread=0.2, minPrice=168.3826, name=Oracle, openPrice=168.3826, reset=false, sellPrice=167.5400, maxPrice=168.3826, reportPrice=168.3826}"
12/12/2025 14:31,082,DE0005158703,BUY,-2212.21,"{buyPrice=44.2442, quantity=50, buyRequestTs=2025-12-12T14:31:27.061, sellRequestTs=2025-10-08T17:56:23.983, openPrice=43.8824, sellPrice=0.0, minPercent=-7.0, reportPrice=43.8824, buySpread=0.08, minPrice=43.8824, name=Bechtle, reset=false, maxPrice=43.8824}"
12/12/2025 15:51,679,US00724F1012,BUY,-7344.14,"{buyPrice=306.0057, quantity=24, buyRequestTs=2025-12-12T15:51:27.658, sellRequestTs=2025-07-29T21:41:24.548, buySpread=0.3, minPrice=300.5176, name=Adobe, openPrice=300.5176, reset=false, sellPrice=0.0, maxPrice=300.5176, reportPrice=300.5176}"
12/12/2025 15:57,241,US5951121038,SELL,MIN_SELL 7.48,"{buyPrice=219.9197, quantity=34.0, buyRequestTs=2025-12-11T16:58:48.914, sellRequestTs=2025-09-25T19:04:49.955, openPrice=216.3080, sellPrice=220.1396, minPercent=-7.0, reportPrice=216.3080, buySpread=0.15, minPrice=216.3080, lowRocket={quantity=34, sellRequestTs=2025-12-12T15:57:27.232, transId=hX44KHQYo5oadYQ7A3Na3x, sellPrice=220.1396}, name=Micron Technology, reset=false, maxPrice=216.3080}"
12/12/2025 16:57,047,IE000S9YS762,BUY,-351.95,"{buyPrice=351.9516, quantity=1, buyRequestTs=2025-12-12T16:57:27.026, sellRequestTs=2025-01-23T09:06:13.635, openPrice=349.6343, sellPrice=0.0, minPercent=-7.0, reportPrice=349.6343, buySpread=0.2, minPrice=349.6343, name=Linde, reset=false, maxPrice=349.6343}"
12/12/2025 17:03,686,US98978V1035,BUY,-307.21,"{buyPrice=102.4023, quantity=3, buyRequestTs=2025-12-12T17:03:26.665, sellRequestTs=2024-09-20T18:42:17.186, openPrice=101.7944, sellPrice=0.0, minPercent=-7.0, reportPrice=101.7944, buySpread=0.26, minPrice=101.7944, name=Zoetis, reset=false, maxPrice=101.7944}"
12/12/2025 19:41,634,DE0008404005,BUY,-382.18,"{buyPrice=382.1818, quantity=1, buyRequestTs=2025-12-12T19:41:27.615, sellRequestTs=2025-11-24T16:02:51.385, buySpread=0.5, minPrice=380.8022, name=Allianz, openPrice=380.8022, reset=false, sellPrice=0.0, maxPrice=380.8022, reportPrice=380.8022}"
12/12/2025 21:01,613,US5500211090,BUY,-355.92,"{buyPrice=177.9578, quantity=2, buyRequestTs=2025-12-12T21:01:27.592, buySpread=0.48, minPrice=175.9558, name=Lululemon Athletica, openPrice=175.9558, reset=false, sellPrice=0.0, minPercent=-7.0, maxPrice=175.9558, reportPrice=175.9558}"
12/12/2025 22:19,084,US88160R1014,BUY,-7426.92,"{buyPrice=390.8905, quantity=19, buyRequestTs=2025-12-12T22:19:28.064, sellRequestTs=2025-12-08T08:36:47.875, buySpread=0.6, minPrice=387.6028, name=Tesla, openPrice=387.6028, reset=false, sellPrice=0.0, maxPrice=387.6028, reportPrice=387.6028}"
12/15/2025 15:34,530,US5500211090,SELL,MIN_SELL 0.36,"{buyPrice=177.9578, quantity=2.0, buyRequestTs=2025-12-12T21:01:27.592, openPrice=172.7920, sellPrice=178.1358, minPercent=-7.0, reportPrice=172.7920, buySpread=0.48, minPrice=172.7920, lowRocket={quantity=2, sellRequestTs=2025-12-15T15:34:52.510, transId=fKq2jy1gXfumiELY6ej8UM, sellPrice=178.1358}, name=Lululemon Athletica, reset=false, maxPrice=172.7920}"
12/15/2025 16:50,556,US68389X1054,BUY,-3121.12,"{buyPrice=156.0559, quantity=20, buyRequestTs=2025-12-15T16:50:54.542, sellRequestTs=2025-12-12T10:39:26.791, buySpread=0.16, minPrice=156.8937, name=Oracle, openPrice=156.8937, reset=false, sellPrice=0.0, maxPrice=156.8937, reportPrice=156.8937}"
12/15/2025 17:34,848,US5500211090,BUY,-342.58,"{buyPrice=171.2911, quantity=2, buyRequestTs=2025-12-15T17:34:51.829, sellRequestTs=2025-12-15T15:34:52.531, openPrice=170.5618, sellPrice=0.0, minPercent=-7.0, reportPrice=170.5618, buySpread=0.56, minPrice=170.5618, lowRocket={quantity=2, sellRequestTs=2025-12-15T15:34:52.510, transId=fKq2jy1gXfumiELY6ej8UM, sellPrice=178.1358}, name=Lululemon Athletica, reset=false, maxPrice=170.5618}"
12/16/2025 7:40,591,US88160R1014,SELL,HL 155.03,"{buyPrice=390.8905, quantity=19.0, buyRequestTs=2025-12-12T22:19:28.064, sellRequestTs=2025-12-08T08:36:47.875, buySpread=0.6, minPrice=403.2296, name=Tesla, openPrice=403.2296, reset=false, sellPrice=399.0500, maxPrice=403.2296, reportPrice=403.2296}"
12/16/2025 8:00,974,US11135F1012,BUY,-2845.34,"{buyPrice=284.5343, quantity=10, buyRequestTs=2025-12-16T08:00:48.952, sellRequestTs=2025-11-25T16:36:52.020, buySpread=0.45, minPrice=286.4360, name=Broadcom, openPrice=286.4360, reset=false, sellPrice=0.0, maxPrice=286.4360, reportPrice=286.4360}"
12/16/2025 9:26,047,US5500211090,SELL,HL 4.38,"{buyPrice=171.2911, quantity=2.0, buyRequestTs=2025-12-15T17:34:51.829, sellRequestTs=2025-12-15T15:34:52.531, openPrice=174.3056, sellPrice=173.4800, minPercent=-7.0, reportPrice=174.3056, buySpread=0.56, minPrice=174.3056, lowRocket={quantity=2.0, sellRequestTs=2025-12-15T15:34:52.510, transId=fKq2jy1gXfumiELY6ej8UM, sellPrice=178.1358}, name=Lululemon Athletica, reset=false, maxPrice=174.3056}"
12/16/2025 10:12,991,US00724F1012,SELL,7.34,"{buyPrice=306.0057, quantity=24.0, buyRequestTs=2025-12-12T15:51:27.658, sellRequestTs=2025-07-29T21:41:24.548, buySpread=0.3, minPrice=296.1227, name=Adobe, openPrice=296.1227, reset=false, sellPrice=306.3117, maxPrice=296.1227, reportPrice=296.1227}"
12/16/2025 10:14,209,US11135F1012,SELL,31.16,"{buyPrice=284.5343, quantity=10, buyRequestTs=2025-12-16T08:00:48.952, sellRequestTs=2025-11-25T16:36:52.020, buySpread=0.45, minPrice=285.3045, name=Broadcom, openPrice=285.3045, reset=false, sellPrice=287.6500, maxPrice=285.3045, reportPrice=285.3045}"
12/16/2025 10:16,065,US11135F1012,BUY,-2874.37,"{buyPrice=287.4372, quantity=10, buyRequestTs=2025-12-16T10:16:49.043, sellRequestTs=2025-12-16T10:14:49.209, buySpread=0.30, minPrice=285.3620, name=Broadcom, openPrice=285.3620, reset=false, sellPrice=0.0, maxPrice=285.3620, reportPrice=285.3620}"
12/16/2025 10:18,928,DE0006599905,BUY,-366.52,"{buyPrice=122.1721, quantity=3, buyRequestTs=2025-12-16T10:18:48.916, sellRequestTs=2023-01-11T17:54:05.117, openPrice=120.0146, sellPrice=0.0, minPercent=-7.0, reportPrice=120.0146, buySpread=0.05, minPrice=120.0146, name=Merck, reset=false, maxPrice=120.0146}"
12/16/2025 11:00,076,US11135F1012,SELL,2.87,"{buyPrice=287.4372, quantity=10, buyRequestTs=2025-12-16T10:16:49.043, sellRequestTs=2025-12-16T10:14:49.209, buySpread=0.30, minPrice=286.0143, name=Broadcom, openPrice=286.0143, reset=false, sellPrice=287.7246, maxPrice=286.0143, reportPrice=286.0143}"
12/17/2025 14:08,190,US88160R1014,SELL,178.07,"{name:Tesla,quantity:18,source:HL}"
12/17/2025 14:08,493,US88160R1014,SELL,10.74,"{name:Tesla,quantity:1,source:HL}"
12/17/2025 15:02,057,US68389X1054,BUY,-318.12,"{name=Oracle,quantity=2,source=}"
12/17/2025 15:44,087,US68389X1054,BUY,-1549.75,"{name=Oracle,quantity=10,source=}"
12/17/2025 15:48,407,US68389X1054,SELL,0.32,"{name=Oracle,quantity=2,source=MIN_SELL}"
12/17/2025 15:50,546,US68389X1054,SELL,0.8,"{name=Oracle,quantity=5,source=MIN_SELL}"
12/17/2025 16:00,793,US68389X1054,SELL,0.32,"{name=Oracle,quantity=2,source=MIN_SELL}"
12/17/2025 16:18,240,US68389X1054,SELL,1.55,"{name=Oracle,quantity=10,source=MIN_SELL}"
12/17/2025 18:02,658,US68389X1054,BUY,-459.94,"{name=Oracle,quantity=3,source=}"
12/17/2025 21:56,009,US0231351067,SELL,0.39,"{name=Amazon.com,quantity=2,source=MIN_SELL}"
12/17/2025 22:12,731,US98978V1035,SELL,5.15,"{name=Zoetis,quantity=3,source=HL}"
12/18/2025 7:44,140,DE0005158703,SELL,2.21,"{name=Bechtle,quantity=50,source=MIN_SELL}"
12/18/2025 9:46,885,US0320951017,BUY,-326.31,"{name=Amphenol A,quantity=3,source=}"
12/18/2025 13:16,189,US5951121038,BUY,-436.04,"{name=Micron Technology,quantity=2,source=}"
12/18/2025 13:18,098,US5951121038,BUY,-439.54,"{name=Micron Technology,quantity=2,source=}"
12/18/2025 13:56,989,US5951121038,BUY,-435.74,"{name=Micron Technology,quantity=2,source=}"
12/18/2025 14:26,830,US5951121038,BUY,-653.6,"{name=Micron Technology,quantity=3,source=}"
12/18/2025 14:46,189,US5951121038,BUY,-440.84,"{name=Micron Technology,quantity=2,source=}"
12/18/2025 14:52,224,US5951121038,BUY,-440.04,"{name=Micron Technology,quantity=2,source=}"
12/18/2025 15:12,197,US23804L1035,BUY,-2973.97,"{name=Datadog A,quantity=25,source=}"
12/18/2025 15:34,458,US5951121038,BUY,-447.45,"{name=Micron Technology,quantity=2,source=}"
12/18/2025 16:08,305,US0231351067,BUY,-386.59,"{name=Amazon.com,quantity=2,source=}"
12/18/2025 16:16,658,US68389X1054,BUY,-2327.33,"{name=Oracle,quantity=15,source=}"
12/18/2025 16:22,115,DE0008404005,BUY,-382.78,"{name=Allianz,quantity=1,source=}"
12/18/2025 16:24,920,US0231351067,SELL,155.62,"{name=Amazon.com,quantity=39,source=}"
12/18/2025 16:24,179,US0231351067,SELL,1.25,"{name=Amazon.com,quantity=2,source=}"
12/18/2025 16:25,540,US5949181045,BUY,-413.81,"{name=Microsoft,quantity=1,source=}"
12/18/2025 16:48,448,US5500211090,SELL,21.29,"{name=Lululemon Athletica,quantity=2,source=HL}"
12/18/2025 16:48,796,US5500211090,SELL,25.61,"{name=Lululemon Athletica,quantity=2,source=HL}"
12/18/2025 16:52,257,DE0008404005,SELL,1.72,"{name=Allianz,quantity=1,source=}"
12/18/2025 17:00,864,US5951121038,BUY,-430.03,"{name=Micron Technology,quantity=2,source=}"
12/18/2025 17:02,701,US5951121038,BUY,-1715.71,"{name=Micron Technology,quantity=8,source=}"
12/18/2025 17:04,773,US5951121038,BUY,-2354.7,"{name=Micron Technology,quantity=11,source=}"
12/18/2025 17:06,663,US5951121038,BUY,-428.23,"{name=Micron Technology,quantity=2,source=}"
12/18/2025 17:18,551,US5951121038,SELL,0.45,"{name=Micron Technology,quantity=2,source=MIN_SELL}"
12/18/2025 17:20,793,US5951121038,SELL,0.21,"{name=Micron Technology,quantity=1.000,source=}"
12/18/2025 17:28,426,US5951121038,SELL,0.21,"{name=Micron Technology,quantity=1.000,source=}"
12/18/2025 17:32,669,US5951121038,SELL,0.21,"{name=Micron Technology,quantity=1.000,source=}"
12/18/2025 19:00,762,US5951121038,BUY,-216.92,"{name=Micron Technology,quantity=1,source=}"
12/18/2025 19:06,490,US5951121038,BUY,-433.63,"{name=Micron Technology,quantity=2,source=}"
12/18/2025 19:41,506,US0231351067,BUY,-388.27,"{name=Amazon.com,quantity=2,source=}"
12/18/2025 20:25,668,IE000S9YS762,SELL,6.45,"{name=Linde,quantity=1,source=HL}"
12/18/2025 21:45,509,US11135F1012,BUY,-7348.44,"{name=Broadcom,quantity=26,source=}"
12/18/2025 22:13,799,US5951121038,SELL,0.44,"{name=Micron Technology,quantity=2,source=MIN_SELL}"
12/18/2025 22:19,752,US5951121038,SELL,0.65,"{name=Micron Technology,quantity=3,source=MIN_SELL}"
12/19/2025 7:32,615,US5951121038,SELL,0.43,"{name=Micron Technology,quantity=2,source=}"
12/19/2025 7:32,005,US5951121038,SELL,1.28,"{name=Micron Technology,quantity=6.000,source=}"
12/19/2025 9:44,469,NL0013654783,BUY,-265.47,"{name=Prosus,quantity=5,source=}"
12/19/2025 11:48,788,US0231351067,BUY,-389.35,"{name=Amazon.com,quantity=2,source=}"
12/19/2025 13:22,829,US68389X1054,SELL,75.68,"{name=Oracle,quantity=15,source=HL}"
12/19/2025 13:28,101,US68389X1054,SELL,20.54,"{name=Oracle,quantity=3,source=HL}"
12/19/2025 15:34,228,US5951121038,SELL,1.76,"{name=Micron Technology,quantity=2,source=}"
12/19/2025 15:34,486,US5951121038,SELL,12.57,"{name=Micron Technology,quantity=2,source=}"
12/19/2025 15:34,838,US5951121038,SELL,54.69,"{name=Micron Technology,quantity=8,source=}"
12/19/2025 15:36,619,US5951121038,SELL,16.17,"{name=Micron Technology,quantity=2,source=}"
12/19/2025 15:38,308,US5951121038,SELL,16.15,"{name=Micron Technology,quantity=3,source=}"
12/19/2025 17:50,323,US5951121038,BUY,-446.35,"{name=Micron Technology,quantity=2,source=}"
12/19/2025 18:02,550,US5951121038,SELL,2.05,"{name=Micron Technology,quantity=2,source=}"
12/19/2025 19:16,245,US68389X1054,BUY,-7478.37,"{name=Oracle,quantity=45,source=}"
12/19/2025 22:42,392,US7707001027,BUY,-312.13,"{name=Robinhood Markets A,quantity=3,source=}"
12/22/2025 13:12,600,US0231351067,BUY,-6630.5,"{name=Amazon.com,quantity=34,source=}"
12/22/2025 16:08,274,US11135F1012,SELL,186.36,"{name=Broadcom,quantity=26,source=HL}"
12/22/2025 16:16,036,US5951121038,SELL,25.06,"{name=Micron Technology,quantity=2,source=HL}"
12/22/2025 16:20,815,US5951121038,SELL,22.46,"{name=Micron Technology,quantity=2,source=HL}"
12/22/2025 16:50,333,US5951121038,BUY,-7332.12,"{name=Micron Technology,quantity=32,source=}"
12/22/2025 16:52,791,US5951121038,BUY,-458.36,"{name=Micron Technology,quantity=2,source=}"
12/22/2025 17:26,831,US0320951017,SELL,17.55,"{name=Amphenol A,quantity=3,source=HL}"
12/23/2025 9:14,916,DK0062498333,BUY,-7482.52,"{name=Novo-Nordisk B,quantity=174,source=}"
12/23/2025 9:20,893,DK0062498333,BUY,-257.9,"{name=Novo-Nordisk B,quantity=6,source=}"
12/23/2025 14:58,435,DK0062498333,SELL,8.05,"{name=Novo-Nordisk B,quantity=6,source=}"
12/23/2025 15:28,893,DK0062498333,BUY,-268.29,"{name=Novo-Nordisk B,quantity=6,source=}"
12/23/2025 15:37,375,US7707001027,SELL,0.31,"{name=Robinhood Markets A,quantity=3,source=MIN_SELL}"
12/23/2025 15:54,993,US0231351067,BUY,-394.27,"{name=Amazon.com,quantity=2,source=}"
12/23/2025 15:56,915,US02079K3059,BUY,-266.62,"{name=Alphabet A,quantity=1,source=}"
12/23/2025 16:14,446,US69608A1088,BUY,-7365.76,"{name=Palantir Technologies,quantity=45,source=}"
12/23/2025 16:18,899,US69608A1088,BUY,-328.09,"{name=Palantir Technologies,quantity=2,source=}"
12/23/2025 20:06,082,DK0062498333,SELL,5.02,"{name=Novo-Nordisk B,quantity=6,source=HL}"
12/29/2025 7:30,862,US69608A1088,SELL,7.37,"{name=Palantir Technologies,quantity=45,source=MIN_SELL}"
12/29/2025 7:30,548,US69608A1088,SELL,0.33,"{name=Palantir Technologies,quantity=2,source=MIN_SELL}"
12/29/2025 9:14,672,DK0062498333,SELL,222.94,"{name=Novo-Nordisk B,quantity=168,source=HL}"
12/29/2025 16:06,276,DE000BAY0017,BUY,-7480.13,"{name=Bayer,quantity=206,source=}"
12/29/2025 16:08,350,DE000BAY0017,BUY,-254.56,"{name=Bayer,quantity=7,source=}"
12/29/2025 16:16,493,DK0062498333,BUY,-7227.32,"{name=Novo-Nordisk B,quantity=164,source=}"
12/29/2025 16:18,445,DK0062498333,BUY,-264.32,"{name=Novo-Nordisk B,quantity=6,source=}"
12/29/2025 21:42,384,US68389X1054,SELL,0.33,"{name=Oracle,quantity=2,source=}"
12/29/2025 21:42,709,US23804L1035,SELL,2.98,"{name=Datadog A,quantity=25,source=}"
12/29/2025 21:44,392,US68389X1054,SELL,0.33,"{name=Oracle,quantity=2,source=}"
12/29/2025 21:49,403,US02079K3059,BUY,-7204.05,"{name=Alphabet A,quantity=27,source=}"
12/29/2025 21:49,748,US90353T1007,BUY,-277.8,"{name=Uber Technologies,quantity=4,source=}"
12/29/2025 21:52,383,US5951121038,SELL,42.04,"{name=Micron Technology,quantity=2,source=}"
12/29/2025 21:52,888,US02079K3059,BUY,-266.87,"{name=Alphabet A,quantity=1,source=}"
12/30/2025 10:46,370,DK0062498333,SELL,0.27,"{name=Novo-Nordisk B,quantity=6,source=MIN_SELL}"
12/30/2025 10:54,571,US64110L1061,BUY,-640.96,"{name=Netflix,quantity=8,source=}"
12/30/2025 12:22,718,DK0062498333,SELL,0.26,"{name=Novo-Nordisk B,quantity=6,source=}"
1/12/2026 7:56,036,US02079K3059,SELL,349.2,"{name=Alphabet A,quantity=27,source=HL}"
1/12/2026 7:56,488,US02079K3059,SELL,12.88,"{name=Alphabet A,quantity=1,source=HL}"
1/12/2026 8:02,267,US5951121038,SELL,0.29,"{name=Micron Technology,quantity=1,source=HL}"
1/12/2026 8:02,649,US5951121038,SELL,16.61,"{name=Micron Technology,quantity=10,source=HL}"
1/12/2026 8:06,503,US5951121038,SELL,1.46,"{name=Micron Technology,quantity=5,source=HL}"
1/12/2026 8:28,067,DE0008430026,BUY,-528.93,"{name=M?nchener R?ck,quantity=1,source=}"
1/12/2026 8:40,650,NL0013654783,SELL,4.14,"{name=Prosus,quantity=5,source=}"
1/12/2026 9:02,479,DE0008404005,BUY,-378.98,"{name=Allianz,quantity=1,source=}"
1/12/2026 9:25,973,FR0000125486,BUY,-360.36,"{name=Vinci,quantity=3,source=}"
1/12/2026 12:01,649,DE0007236101,BUY,-514.81,"{name=Siemens,quantity=2,source=}"
1/12/2026 12:19,095,DE0008404005,SELL,2.62,"{name=Allianz,quantity=1,source=}"
1/12/2026 12:59,096,DE0007236101,BUY,-259.21,"{name=Siemens,quantity=1,source=}"
1/12/2026 14:59,203,FR0000125486,SELL,5.79,"{name=Vinci,quantity=3,source=}"
1/12/2026 15:35,422,US90353T1007,BUY,-289.57,"{name=Uber Technologies,quantity=4,source=}"
1/12/2026 16:09,564,US88160R1014,BUY,-384.23,"{name=Tesla,quantity=1,source=}"
1/12/2026 16:23,242,US92840M1027,BUY,-299.9,"{name=Vistra Corp,quantity=2,source=}"
1/12/2026 16:59,250,US74624M1027,BUY,-373.21,"{name=Pure Storage A,quantity=6,source=}"
1/12/2026 17:17,532,US74624M1027,BUY,-309.46,"{name=Pure Storage A,quantity=5,source=}"
1/12/2026 17:25,372,US7707001027,BUY,-306.07,"{name=Robinhood Markets A,quantity=3,source=}"
1/12/2026 17:29,541,US7707001027,BUY,-306.43,"{name=Robinhood Markets A,quantity=3,source=}"
1/12/2026 17:33,259,US8740541094,BUY,-5106.3,"{name=Take-Two Interactive Softw.,quantity=24,source=}"
1/12/2026 17:49,017,US90353T1007,SELL,2.67,"{name=Uber Technologies,quantity=4,source=}"
1/12/2026 21:57,939,US74624M1027,BUY,-434.78,"{name=Pure Storage A,quantity=7,source=}"
1/12/2026 22:03,704,US74624M1027,BUY,-626.83,"{name=Pure Storage A,quantity=10,source=}"
1/12/2026 22:17,470,US92840M1027,SELL,0.3,"{name=Vistra Corp,quantity=2,source=HL}"
